{
  "count": 82,
  "synthetic_images": [
    {
      "filename": "a4cbf32b6e644f49a6e113ef9d5cb700-minority_class_1.png",
      "class": "minority_class_1",
      "url": "/assets/synthetic/minority_class_1/a4cbf32b6e644f49a6e113ef9d5cb700-minority_class_1.png"
    },
    {
      "filename": "ec4cf26fc1d94b7fa578e010bf815f4f-minority_class_1.png",
      "class": "minority_class_1",
      "url": "/assets/synthetic/minority_class_1/ec4cf26fc1d94b7fa578e010bf815f4f-minority_class_1.png"
    },
    {
      "filename": "35e5841508364d02af9892e3d39e6103-minority_class_1.png",
      "class": "minority_class_1",
      "url": "/assets/synthetic/minority_class_1/35e5841508364d02af9892e3d39e6103-minority_class_1.png"
    },
    {
      "filename": "5284b984d5734b3b9c28e2f930695ed0-minority_class_1.png",
      "class": "minority_class_1",
      "url": "/assets/synthetic/minority_class_1/5284b984d5734b3b9c28e2f930695ed0-minority_class_1.png"
    },
    {
      "filename": "330ce15c4e9f4835a6e73bc8112340e0-minority_class_1.png",
      "class": "minority_class_1",
      "url": "/assets/synthetic/minority_class_1/330ce15c4e9f4835a6e73bc8112340e0-minority_class_1.png"
    },
    {
      "filename": "5047bb163fa04d478219ff21f64af98f-minority_class_1.png",
      "class": "minority_class_1",
      "url": "/assets/synthetic/minority_class_1/5047bb163fa04d478219ff21f64af98f-minority_class_1.png"
    },
    {
      "filename": "4719aeb8983e41bf82616afe58f82bdf-minority_class_1.png",
      "class": "minority_class_1",
      "url": "/assets/synthetic/minority_class_1/4719aeb8983e41bf82616afe58f82bdf-minority_class_1.png"
    },
    {
      "filename": "ea43cede619d471e9e10c426079d7887-minority_class_1.png",
      "class": "minority_class_1",
      "url": "/assets/synthetic/minority_class_1/ea43cede619d471e9e10c426079d7887-minority_class_1.png"
    },
    {
      "filename": "22ac069de917478d804637a9fd30b2d4-minority_class_1.png",
      "class": "minority_class_1",
      "url": "/assets/synthetic/minority_class_1/22ac069de917478d804637a9fd30b2d4-minority_class_1.png"
    },
    {
      "filename": "1cf050bfa1a54680b97917ec15f2f67b-minority_class_1.png",
      "class": "minority_class_1",
      "url": "/assets/synthetic/minority_class_1/1cf050bfa1a54680b97917ec15f2f67b-minority_class_1.png"
    },
    {
      "filename": "fc0f37116f814e65bbf777750eeb659a-minority_class_1.png",
      "class": "minority_class_1",
      "url": "/assets/synthetic/minority_class_1/fc0f37116f814e65bbf777750eeb659a-minority_class_1.png"
    },
    {
      "filename": "b2d20113c5ac4e91869f9eb9d525b5a4-minority_class_1.png",
      "class": "minority_class_1",
      "url": "/assets/synthetic/minority_class_1/b2d20113c5ac4e91869f9eb9d525b5a4-minority_class_1.png"
    },
    {
      "filename": "40baaaab54d447da89f9f1dadc00c72e-minority_class_1.png",
      "class": "minority_class_1",
      "url": "/assets/synthetic/minority_class_1/40baaaab54d447da89f9f1dadc00c72e-minority_class_1.png"
    },
    {
      "filename": "81866b29c49042e7998fe5eda6efd690-minority_class_1.png",
      "class": "minority_class_1",
      "url": "/assets/synthetic/minority_class_1/81866b29c49042e7998fe5eda6efd690-minority_class_1.png"
    },
    {
      "filename": "11c5960f8cbd4424b3fb16634f0d9e5a-minority_class_1.png",
      "class": "minority_class_1",
      "url": "/assets/synthetic/minority_class_1/11c5960f8cbd4424b3fb16634f0d9e5a-minority_class_1.png"
    },
    {
      "filename": "3ecc1d0c27fd4ad590b711d291a67531-minority_class_1.png",
      "class": "minority_class_1",
      "url": "/assets/synthetic/minority_class_1/3ecc1d0c27fd4ad590b711d291a67531-minority_class_1.png"
    },
    {
      "filename": "cb0c1f436bbf466b866cd5b57809247b-minority_class_1.png",
      "class": "minority_class_1",
      "url": "/assets/synthetic/minority_class_1/cb0c1f436bbf466b866cd5b57809247b-minority_class_1.png"
    },
    {
      "filename": "31252c9704bd48b0a9c9fa3e3467cb59-minority_class_1.png",
      "class": "minority_class_1",
      "url": "/assets/synthetic/minority_class_1/31252c9704bd48b0a9c9fa3e3467cb59-minority_class_1.png"
    },
    {
      "filename": "acdd715e93c640b09a8766183b88fcc9-minority_class_1.png",
      "class": "minority_class_1",
      "url": "/assets/synthetic/minority_class_1/acdd715e93c640b09a8766183b88fcc9-minority_class_1.png"
    },
    {
      "filename": "f0cce65119c14e3c8e7cd496fbcf7837-minority_class_1.png",
      "class": "minority_class_1",
      "url": "/assets/synthetic/minority_class_1/f0cce65119c14e3c8e7cd496fbcf7837-minority_class_1.png"
    },
    {
      "filename": "ba0a4b043f6b41d8892130ae11351e4d-minority_class_1.png",
      "class": "minority_class_1",
      "url": "/assets/synthetic/minority_class_1/ba0a4b043f6b41d8892130ae11351e4d-minority_class_1.png"
    },
    {
      "filename": "766339cef6924983962047c29c7ee06d-minority_class_1.png",
      "class": "minority_class_1",
      "url": "/assets/synthetic/minority_class_1/766339cef6924983962047c29c7ee06d-minority_class_1.png"
    },
    {
      "filename": "5d743a56d3e44460ae7513c7b6e171d6-minority_class_1.png",
      "class": "minority_class_1",
      "url": "/assets/synthetic/minority_class_1/5d743a56d3e44460ae7513c7b6e171d6-minority_class_1.png"
    },
    {
      "filename": "3992911a7a32451fb82ff02647a5c472-minority_class_1.png",
      "class": "minority_class_1",
      "url": "/assets/synthetic/minority_class_1/3992911a7a32451fb82ff02647a5c472-minority_class_1.png"
    },
    {
      "filename": "e9ec558998dc40ffbec38d58b1c93282-minority_class_1.png",
      "class": "minority_class_1",
      "url": "/assets/synthetic/minority_class_1/e9ec558998dc40ffbec38d58b1c93282-minority_class_1.png"
    },
    {
      "filename": "3c0f9b721d6d4bb2a4eeee68c6cca438-minority_class_1.png",
      "class": "minority_class_1",
      "url": "/assets/synthetic/minority_class_1/3c0f9b721d6d4bb2a4eeee68c6cca438-minority_class_1.png"
    },
    {
      "filename": "83c26bfd77b8476ba4b9ba32bc298f4c-minority_class_1.png",
      "class": "minority_class_1",
      "url": "/assets/synthetic/minority_class_1/83c26bfd77b8476ba4b9ba32bc298f4c-minority_class_1.png"
    },
    {
      "filename": "0a3bae2a9f7a4eefbed4a1bf3e3d86f1-minority_class_1.png",
      "class": "minority_class_1",
      "url": "/assets/synthetic/minority_class_1/0a3bae2a9f7a4eefbed4a1bf3e3d86f1-minority_class_1.png"
    },
    {
      "filename": "0741d61b07b34fa79b017034f3e6ca19-minority_class_1.png",
      "class": "minority_class_1",
      "url": "/assets/synthetic/minority_class_1/0741d61b07b34fa79b017034f3e6ca19-minority_class_1.png"
    },
    {
      "filename": "99ff97f4c2b349d18014dae11d45a0dc-minority_class_1.png",
      "class": "minority_class_1",
      "url": "/assets/synthetic/minority_class_1/99ff97f4c2b349d18014dae11d45a0dc-minority_class_1.png"
    },
    {
      "filename": "3c0ae66aedf64fc8a2bcd3e7c971e801-minority_class_1.png",
      "class": "minority_class_1",
      "url": "/assets/synthetic/minority_class_1/3c0ae66aedf64fc8a2bcd3e7c971e801-minority_class_1.png"
    },
    {
      "filename": "6f314ce38fcb494885eb7058958213bb-minority_class_1.png",
      "class": "minority_class_1",
      "url": "/assets/synthetic/minority_class_1/6f314ce38fcb494885eb7058958213bb-minority_class_1.png"
    },
    {
      "filename": "a7d449d055c246068eafc7567024dd0c-minority_class_1.png",
      "class": "minority_class_1",
      "url": "/assets/synthetic/minority_class_1/a7d449d055c246068eafc7567024dd0c-minority_class_1.png"
    },
    {
      "filename": "2a7867dbf60344288eedc3115ce2e3de-minority_class_1.png",
      "class": "minority_class_1",
      "url": "/assets/synthetic/minority_class_1/2a7867dbf60344288eedc3115ce2e3de-minority_class_1.png"
    },
    {
      "filename": "ba0d6e9a284c46adb15857e3e27fd2f5-minority_class_1.png",
      "class": "minority_class_1",
      "url": "/assets/synthetic/minority_class_1/ba0d6e9a284c46adb15857e3e27fd2f5-minority_class_1.png"
    },
    {
      "filename": "9edd4f05f3ba447e9e9f3b7053fb13d6-minority_class_1.png",
      "class": "minority_class_1",
      "url": "/assets/synthetic/minority_class_1/9edd4f05f3ba447e9e9f3b7053fb13d6-minority_class_1.png"
    },
    {
      "filename": "e2ca92278ace4bf9ba13bf9dff8caeb3-minority_class_1.png",
      "class": "minority_class_1",
      "url": "/assets/synthetic/minority_class_1/e2ca92278ace4bf9ba13bf9dff8caeb3-minority_class_1.png"
    },
    {
      "filename": "eae4d12ad76d44a68e13aa118c66550f-minority_class_1.png",
      "class": "minority_class_1",
      "url": "/assets/synthetic/minority_class_1/eae4d12ad76d44a68e13aa118c66550f-minority_class_1.png"
    },
    {
      "filename": "bf9a926a4d404f878022b997d83d36fd-minority_class_1.png",
      "class": "minority_class_1",
      "url": "/assets/synthetic/minority_class_1/bf9a926a4d404f878022b997d83d36fd-minority_class_1.png"
    },
    {
      "filename": "53932c82cab247c6aa939e5de715a72b-minority_class_1.png",
      "class": "minority_class_1",
      "url": "/assets/synthetic/minority_class_1/53932c82cab247c6aa939e5de715a72b-minority_class_1.png"
    },
    {
      "filename": "5304c51560764a5da1128e312ba416cf-minority_class_2.png",
      "class": "minority_class_2",
      "url": "/assets/synthetic/minority_class_2/5304c51560764a5da1128e312ba416cf-minority_class_2.png"
    },
    {
      "filename": "cf19959593544de982b0a5065dd4c6a8-minority_class_2.png",
      "class": "minority_class_2",
      "url": "/assets/synthetic/minority_class_2/cf19959593544de982b0a5065dd4c6a8-minority_class_2.png"
    },
    {
      "filename": "da25ffc3a30945a59d6dc9d989ab140e-minority_class_2.png",
      "class": "minority_class_2",
      "url": "/assets/synthetic/minority_class_2/da25ffc3a30945a59d6dc9d989ab140e-minority_class_2.png"
    },
    {
      "filename": "e2ad2fc57af647d0932f7a00c8347407-minority_class_2.png",
      "class": "minority_class_2",
      "url": "/assets/synthetic/minority_class_2/e2ad2fc57af647d0932f7a00c8347407-minority_class_2.png"
    },
    {
      "filename": "b46dcf69c74449bbb5275336752529e7-minority_class_2.png",
      "class": "minority_class_2",
      "url": "/assets/synthetic/minority_class_2/b46dcf69c74449bbb5275336752529e7-minority_class_2.png"
    },
    {
      "filename": "8b484c9c600246a4b4d731fa913faa14-minority_class_2.png",
      "class": "minority_class_2",
      "url": "/assets/synthetic/minority_class_2/8b484c9c600246a4b4d731fa913faa14-minority_class_2.png"
    },
    {
      "filename": "d8e77eee6f4c4df3a23db5dae0db6cf9-minority_class_2.png",
      "class": "minority_class_2",
      "url": "/assets/synthetic/minority_class_2/d8e77eee6f4c4df3a23db5dae0db6cf9-minority_class_2.png"
    },
    {
      "filename": "5d5069b7aaf7426db00bee4ccb45e092-minority_class_2.png",
      "class": "minority_class_2",
      "url": "/assets/synthetic/minority_class_2/5d5069b7aaf7426db00bee4ccb45e092-minority_class_2.png"
    },
    {
      "filename": "5627bc4093974a32824310bb9b171a19-minority_class_2.png",
      "class": "minority_class_2",
      "url": "/assets/synthetic/minority_class_2/5627bc4093974a32824310bb9b171a19-minority_class_2.png"
    },
    {
      "filename": "8515351de6ff40cbbf8b564ddfcad6e9-minority_class_2.png",
      "class": "minority_class_2",
      "url": "/assets/synthetic/minority_class_2/8515351de6ff40cbbf8b564ddfcad6e9-minority_class_2.png"
    },
    {
      "filename": "341a7503075c499c8543573c503d4041-minority_class_2.png",
      "class": "minority_class_2",
      "url": "/assets/synthetic/minority_class_2/341a7503075c499c8543573c503d4041-minority_class_2.png"
    },
    {
      "filename": "181c975e9a4a49568c2d9fef41182b37-minority_class_2.png",
      "class": "minority_class_2",
      "url": "/assets/synthetic/minority_class_2/181c975e9a4a49568c2d9fef41182b37-minority_class_2.png"
    },
    {
      "filename": "3b13a9d6f021411b91336cc0816144f1-minority_class_2.png",
      "class": "minority_class_2",
      "url": "/assets/synthetic/minority_class_2/3b13a9d6f021411b91336cc0816144f1-minority_class_2.png"
    },
    {
      "filename": "63f8fb13a5fc4d3b8676d72d9d90e47b-minority_class_2.png",
      "class": "minority_class_2",
      "url": "/assets/synthetic/minority_class_2/63f8fb13a5fc4d3b8676d72d9d90e47b-minority_class_2.png"
    },
    {
      "filename": "344211aebb8e412c94868e66864fcd81-minority_class_2.png",
      "class": "minority_class_2",
      "url": "/assets/synthetic/minority_class_2/344211aebb8e412c94868e66864fcd81-minority_class_2.png"
    },
    {
      "filename": "60765ee6466743739e879184b2f4029a-minority_class_2.png",
      "class": "minority_class_2",
      "url": "/assets/synthetic/minority_class_2/60765ee6466743739e879184b2f4029a-minority_class_2.png"
    },
    {
      "filename": "e0f9ebc5376f400bb6cf553da8dc1ae8-minority_class_2.png",
      "class": "minority_class_2",
      "url": "/assets/synthetic/minority_class_2/e0f9ebc5376f400bb6cf553da8dc1ae8-minority_class_2.png"
    },
    {
      "filename": "b21bfba1da874cbba7136493cfc8acaa-minority_class_2.png",
      "class": "minority_class_2",
      "url": "/assets/synthetic/minority_class_2/b21bfba1da874cbba7136493cfc8acaa-minority_class_2.png"
    },
    {
      "filename": "637cb3708da44d68bd3d991e452e547b-minority_class_2.png",
      "class": "minority_class_2",
      "url": "/assets/synthetic/minority_class_2/637cb3708da44d68bd3d991e452e547b-minority_class_2.png"
    },
    {
      "filename": "03a00f36091e47f9b2e68ce056755f6e-minority_class_2.png",
      "class": "minority_class_2",
      "url": "/assets/synthetic/minority_class_2/03a00f36091e47f9b2e68ce056755f6e-minority_class_2.png"
    },
    {
      "filename": "01140fbee6384d0b8a98f296751ba70c-minority_class_2.png",
      "class": "minority_class_2",
      "url": "/assets/synthetic/minority_class_2/01140fbee6384d0b8a98f296751ba70c-minority_class_2.png"
    },
    {
      "filename": "0e62111211b84654a90ceaddcae46c6b-minority_class_2.png",
      "class": "minority_class_2",
      "url": "/assets/synthetic/minority_class_2/0e62111211b84654a90ceaddcae46c6b-minority_class_2.png"
    },
    {
      "filename": "5835513843b641b3b65b5fb94551f403-minority_class_2.png",
      "class": "minority_class_2",
      "url": "/assets/synthetic/minority_class_2/5835513843b641b3b65b5fb94551f403-minority_class_2.png"
    },
    {
      "filename": "4e5241922daf46e193126d3e02260c92-minority_class_2.png",
      "class": "minority_class_2",
      "url": "/assets/synthetic/minority_class_2/4e5241922daf46e193126d3e02260c92-minority_class_2.png"
    },
    {
      "filename": "f1a4e8b1a9d84c248e7db74883252643-minority_class_2.png",
      "class": "minority_class_2",
      "url": "/assets/synthetic/minority_class_2/f1a4e8b1a9d84c248e7db74883252643-minority_class_2.png"
    },
    {
      "filename": "8531282f714a4fc8b960b25cf2dfdf88-minority_class_2.png",
      "class": "minority_class_2",
      "url": "/assets/synthetic/minority_class_2/8531282f714a4fc8b960b25cf2dfdf88-minority_class_2.png"
    },
    {
      "filename": "3e59b9103d1a43d5941cf53a20b686e3-minority_class_2.png",
      "class": "minority_class_2",
      "url": "/assets/synthetic/minority_class_2/3e59b9103d1a43d5941cf53a20b686e3-minority_class_2.png"
    },
    {
      "filename": "89c2c3bc685a40b4989bd06c3795e8a2-minority_class_2.png",
      "class": "minority_class_2",
      "url": "/assets/synthetic/minority_class_2/89c2c3bc685a40b4989bd06c3795e8a2-minority_class_2.png"
    },
    {
      "filename": "dd33e37aa638450788dd9be3726933bf-minority_class_2.png",
      "class": "minority_class_2",
      "url": "/assets/synthetic/minority_class_2/dd33e37aa638450788dd9be3726933bf-minority_class_2.png"
    },
    {
      "filename": "e0f7c38c4cd4465c8dfa1acf9b6f9afb-minority_class_2.png",
      "class": "minority_class_2",
      "url": "/assets/synthetic/minority_class_2/e0f7c38c4cd4465c8dfa1acf9b6f9afb-minority_class_2.png"
    },
    {
      "filename": "715e8d85f170495db7d8b0476259f62e-minority_class_2.png",
      "class": "minority_class_2",
      "url": "/assets/synthetic/minority_class_2/715e8d85f170495db7d8b0476259f62e-minority_class_2.png"
    },
    {
      "filename": "b4e2db006a4947eaa6e1f72b010e104e-minority_class_2.png",
      "class": "minority_class_2",
      "url": "/assets/synthetic/minority_class_2/b4e2db006a4947eaa6e1f72b010e104e-minority_class_2.png"
    },
    {
      "filename": "12a80450a3ff458aa86bc9aeba5804dd-minority_class_2.png",
      "class": "minority_class_2",
      "url": "/assets/synthetic/minority_class_2/12a80450a3ff458aa86bc9aeba5804dd-minority_class_2.png"
    },
    {
      "filename": "4f5b165a8162477f96a2b1a0e0331d5e-minority_class_2.png",
      "class": "minority_class_2",
      "url": "/assets/synthetic/minority_class_2/4f5b165a8162477f96a2b1a0e0331d5e-minority_class_2.png"
    },
    {
      "filename": "ddabfe8a33804cdab457767c75e0f7c1-minority_class_2.png",
      "class": "minority_class_2",
      "url": "/assets/synthetic/minority_class_2/ddabfe8a33804cdab457767c75e0f7c1-minority_class_2.png"
    },
    {
      "filename": "832c6899b23c47188df0ce2ed23a189e-minority_class_2.png",
      "class": "minority_class_2",
      "url": "/assets/synthetic/minority_class_2/832c6899b23c47188df0ce2ed23a189e-minority_class_2.png"
    },
    {
      "filename": "1a68fa8d903d4578bbf676613760ce43-minority_class_2.png",
      "class": "minority_class_2",
      "url": "/assets/synthetic/minority_class_2/1a68fa8d903d4578bbf676613760ce43-minority_class_2.png"
    },
    {
      "filename": "eba43af390ff481f8923ed93ae925ad6-minority_class_2.png",
      "class": "minority_class_2",
      "url": "/assets/synthetic/minority_class_2/eba43af390ff481f8923ed93ae925ad6-minority_class_2.png"
    },
    {
      "filename": "1bf9e5082fe74967886d4c5058b87582-minority_class_2.png",
      "class": "minority_class_2",
      "url": "/assets/synthetic/minority_class_2/1bf9e5082fe74967886d4c5058b87582-minority_class_2.png"
    },
    {
      "filename": "293566d9c1e44bc09b136bd4dcf1bd9a-minority_class_2.png",
      "class": "minority_class_2",
      "url": "/assets/synthetic/minority_class_2/293566d9c1e44bc09b136bd4dcf1bd9a-minority_class_2.png"
    },
    {
      "filename": "c41cff71d7124da2ade706e572a37621-minority_class_2.png",
      "class": "minority_class_2",
      "url": "/assets/synthetic/minority_class_2/c41cff71d7124da2ade706e572a37621-minority_class_2.png"
    },
    {
      "filename": "cf8d8cad2ea940da84e3ba254e5ebfe1-minority_class_2.png",
      "class": "minority_class_2",
      "url": "/assets/synthetic/minority_class_2/cf8d8cad2ea940da84e3ba254e5ebfe1-minority_class_2.png"
    }
  ],
  "metrics": {
    "total_synthetic_images": 82,
    "total_original_images": 68,
    "classes": {
      "majority_class": {
        "original_count": 50,
        "synthetic_count": 0,
        "total_count": 50
      },
      "minority_class_1": {
        "original_count": 10,
        "synthetic_count": 40,
        "total_count": 50
      },
      "minority_class_2": {
        "original_count": 8,
        "synthetic_count": 42,
        "total_count": 50
      }
    },
    "quality_metrics": [
      {
        "synthetic_image": "a4cbf32b6e644f49a6e113ef9d5cb700-minority_class_1.png",
        "cosine_similarity": 0.9998,
        "ssim": 0.9709
      },
      {
        "synthetic_image": "ec4cf26fc1d94b7fa578e010bf815f4f-minority_class_1.png",
        "cosine_similarity": 1.0,
        "ssim": 0.996
      },
      {
        "synthetic_image": "35e5841508364d02af9892e3d39e6103-minority_class_1.png",
        "cosine_similarity": 1.0,
        "ssim": 0.9973
      },
      {
        "synthetic_image": "5284b984d5734b3b9c28e2f930695ed0-minority_class_1.png",
        "cosine_similarity": 1.0,
        "ssim": 0.9988
      },
      {
        "synthetic_image": "330ce15c4e9f4835a6e73bc8112340e0-minority_class_1.png",
        "cosine_similarity": 0.9997,
        "ssim": 0.963
      },
      {
        "synthetic_image": "5047bb163fa04d478219ff21f64af98f-minority_class_1.png",
        "cosine_similarity": 0.9992,
        "ssim": 0.9005
      },
      {
        "synthetic_image": "4719aeb8983e41bf82616afe58f82bdf-minority_class_1.png",
        "cosine_similarity": 0.9999,
        "ssim": 0.9909
      },
      {
        "synthetic_image": "ea43cede619d471e9e10c426079d7887-minority_class_1.png",
        "cosine_similarity": 0.9992,
        "ssim": 0.8936
      },
      {
        "synthetic_image": "22ac069de917478d804637a9fd30b2d4-minority_class_1.png",
        "cosine_similarity": 0.9983,
        "ssim": 0.7843
      },
      {
        "synthetic_image": "1cf050bfa1a54680b97917ec15f2f67b-minority_class_1.png",
        "cosine_similarity": 0.9999,
        "ssim": 0.9855
      },
      {
        "synthetic_image": "fc0f37116f814e65bbf777750eeb659a-minority_class_1.png",
        "cosine_similarity": 0.998,
        "ssim": 0.7342
      },
      {
        "synthetic_image": "b2d20113c5ac4e91869f9eb9d525b5a4-minority_class_1.png",
        "cosine_similarity": 1.0,
        "ssim": 0.9988
      },
      {
        "synthetic_image": "40baaaab54d447da89f9f1dadc00c72e-minority_class_1.png",
        "cosine_similarity": 0.9999,
        "ssim": 0.9923
      },
      {
        "synthetic_image": "81866b29c49042e7998fe5eda6efd690-minority_class_1.png",
        "cosine_similarity": 0.9994,
        "ssim": 0.9303
      },
      {
        "synthetic_image": "11c5960f8cbd4424b3fb16634f0d9e5a-minority_class_1.png",
        "cosine_similarity": 0.999,
        "ssim": 0.8745
      },
      {
        "synthetic_image": "3ecc1d0c27fd4ad590b711d291a67531-minority_class_1.png",
        "cosine_similarity": 0.9992,
        "ssim": 0.8957
      },
      {
        "synthetic_image": "cb0c1f436bbf466b866cd5b57809247b-minority_class_1.png",
        "cosine_similarity": 0.9981,
        "ssim": 0.7448
      },
      {
        "synthetic_image": "31252c9704bd48b0a9c9fa3e3467cb59-minority_class_1.png",
        "cosine_similarity": 0.9983,
        "ssim": 0.7735
      },
      {
        "synthetic_image": "acdd715e93c640b09a8766183b88fcc9-minority_class_1.png",
        "cosine_similarity": 0.9997,
        "ssim": 0.9656
      },
      {
        "synthetic_image": "f0cce65119c14e3c8e7cd496fbcf7837-minority_class_1.png",
        "cosine_similarity": 1.0,
        "ssim": 0.999
      },
      {
        "synthetic_image": "ba0a4b043f6b41d8892130ae11351e4d-minority_class_1.png",
        "cosine_similarity": 0.9996,
        "ssim": 0.948
      },
      {
        "synthetic_image": "766339cef6924983962047c29c7ee06d-minority_class_1.png",
        "cosine_similarity": 1.0,
        "ssim": 0.9965
      },
      {
        "synthetic_image": "5d743a56d3e44460ae7513c7b6e171d6-minority_class_1.png",
        "cosine_similarity": 0.9999,
        "ssim": 0.9895
      },
      {
        "synthetic_image": "3992911a7a32451fb82ff02647a5c472-minority_class_1.png",
        "cosine_similarity": 0.9986,
        "ssim": 0.8199
      },
      {
        "synthetic_image": "e9ec558998dc40ffbec38d58b1c93282-minority_class_1.png",
        "cosine_similarity": 1.0,
        "ssim": 0.994
      },
      {
        "synthetic_image": "3c0f9b721d6d4bb2a4eeee68c6cca438-minority_class_1.png",
        "cosine_similarity": 0.9999,
        "ssim": 0.9924
      },
      {
        "synthetic_image": "83c26bfd77b8476ba4b9ba32bc298f4c-minority_class_1.png",
        "cosine_similarity": 0.9997,
        "ssim": 0.9613
      },
      {
        "synthetic_image": "0a3bae2a9f7a4eefbed4a1bf3e3d86f1-minority_class_1.png",
        "cosine_similarity": 1.0,
        "ssim": 0.9979
      },
      {
        "synthetic_image": "0741d61b07b34fa79b017034f3e6ca19-minority_class_1.png",
        "cosine_similarity": 0.9991,
        "ssim": 0.8861
      },
      {
        "synthetic_image": "99ff97f4c2b349d18014dae11d45a0dc-minority_class_1.png",
        "cosine_similarity": 0.9987,
        "ssim": 0.835
      },
      {
        "synthetic_image": "3c0ae66aedf64fc8a2bcd3e7c971e801-minority_class_1.png",
        "cosine_similarity": 0.9994,
        "ssim": 0.9228
      },
      {
        "synthetic_image": "6f314ce38fcb494885eb7058958213bb-minority_class_1.png",
        "cosine_similarity": 0.9998,
        "ssim": 0.9709
      },
      {
        "synthetic_image": "a7d449d055c246068eafc7567024dd0c-minority_class_1.png",
        "cosine_similarity": 0.9989,
        "ssim": 0.8626
      },
      {
        "synthetic_image": "2a7867dbf60344288eedc3115ce2e3de-minority_class_1.png",
        "cosine_similarity": 0.9993,
        "ssim": 0.9167
      },
      {
        "synthetic_image": "ba0d6e9a284c46adb15857e3e27fd2f5-minority_class_1.png",
        "cosine_similarity": 0.9982,
        "ssim": 0.7676
      },
      {
        "synthetic_image": "9edd4f05f3ba447e9e9f3b7053fb13d6-minority_class_1.png",
        "cosine_similarity": 0.9999,
        "ssim": 0.9807
      },
      {
        "synthetic_image": "e2ca92278ace4bf9ba13bf9dff8caeb3-minority_class_1.png",
        "cosine_similarity": 0.9997,
        "ssim": 0.9611
      },
      {
        "synthetic_image": "eae4d12ad76d44a68e13aa118c66550f-minority_class_1.png",
        "cosine_similarity": 1.0,
        "ssim": 0.9945
      },
      {
        "synthetic_image": "bf9a926a4d404f878022b997d83d36fd-minority_class_1.png",
        "cosine_similarity": 1.0,
        "ssim": 0.9994
      },
      {
        "synthetic_image": "53932c82cab247c6aa939e5de715a72b-minority_class_1.png",
        "cosine_similarity": 0.9996,
        "ssim": 0.9467
      },
      {
        "synthetic_image": "5304c51560764a5da1128e312ba416cf-minority_class_2.png",
        "cosine_similarity": 0.9999,
        "ssim": 0.9909
      },
      {
        "synthetic_image": "cf19959593544de982b0a5065dd4c6a8-minority_class_2.png",
        "cosine_similarity": 0.9992,
        "ssim": 0.8933
      },
      {
        "synthetic_image": "da25ffc3a30945a59d6dc9d989ab140e-minority_class_2.png",
        "cosine_similarity": 0.9983,
        "ssim": 0.7842
      },
      {
        "synthetic_image": "e2ad2fc57af647d0932f7a00c8347407-minority_class_2.png",
        "cosine_similarity": 0.9999,
        "ssim": 0.9854
      },
      {
        "synthetic_image": "b46dcf69c74449bbb5275336752529e7-minority_class_2.png",
        "cosine_similarity": 0.998,
        "ssim": 0.7341
      },
      {
        "synthetic_image": "8b484c9c600246a4b4d731fa913faa14-minority_class_2.png",
        "cosine_similarity": 1.0,
        "ssim": 0.9988
      },
      {
        "synthetic_image": "d8e77eee6f4c4df3a23db5dae0db6cf9-minority_class_2.png",
        "cosine_similarity": 0.9999,
        "ssim": 0.9923
      },
      {
        "synthetic_image": "5d5069b7aaf7426db00bee4ccb45e092-minority_class_2.png",
        "cosine_similarity": 0.9994,
        "ssim": 0.9303
      },
      {
        "synthetic_image": "5627bc4093974a32824310bb9b171a19-minority_class_2.png",
        "cosine_similarity": 0.999,
        "ssim": 0.875
      },
      {
        "synthetic_image": "8515351de6ff40cbbf8b564ddfcad6e9-minority_class_2.png",
        "cosine_similarity": 0.9992,
        "ssim": 0.8961
      },
      {
        "synthetic_image": "341a7503075c499c8543573c503d4041-minority_class_2.png",
        "cosine_similarity": 0.998,
        "ssim": 0.7436
      },
      {
        "synthetic_image": "181c975e9a4a49568c2d9fef41182b37-minority_class_2.png",
        "cosine_similarity": 0.9983,
        "ssim": 0.7731
      },
      {
        "synthetic_image": "3b13a9d6f021411b91336cc0816144f1-minority_class_2.png",
        "cosine_similarity": 0.9997,
        "ssim": 0.9657
      },
      {
        "synthetic_image": "63f8fb13a5fc4d3b8676d72d9d90e47b-minority_class_2.png",
        "cosine_similarity": 1.0,
        "ssim": 0.999
      },
      {
        "synthetic_image": "344211aebb8e412c94868e66864fcd81-minority_class_2.png",
        "cosine_similarity": 0.9996,
        "ssim": 0.9477
      },
      {
        "synthetic_image": "60765ee6466743739e879184b2f4029a-minority_class_2.png",
        "cosine_similarity": 1.0,
        "ssim": 0.9965
      },
      {
        "synthetic_image": "e0f9ebc5376f400bb6cf553da8dc1ae8-minority_class_2.png",
        "cosine_similarity": 0.9999,
        "ssim": 0.9895
      },
      {
        "synthetic_image": "b21bfba1da874cbba7136493cfc8acaa-minority_class_2.png",
        "cosine_similarity": 0.9986,
        "ssim": 0.8194
      },
      {
        "synthetic_image": "637cb3708da44d68bd3d991e452e547b-minority_class_2.png",
        "cosine_similarity": 1.0,
        "ssim": 0.994
      },
      {
        "synthetic_image": "03a00f36091e47f9b2e68ce056755f6e-minority_class_2.png",
        "cosine_similarity": 0.9999,
        "ssim": 0.9924
      },
      {
        "synthetic_image": "01140fbee6384d0b8a98f296751ba70c-minority_class_2.png",
        "cosine_similarity": 0.9997,
        "ssim": 0.9614
      },
      {
        "synthetic_image": "0e62111211b84654a90ceaddcae46c6b-minority_class_2.png",
        "cosine_similarity": 1.0,
        "ssim": 0.9979
      },
      {
        "synthetic_image": "5835513843b641b3b65b5fb94551f403-minority_class_2.png",
        "cosine_similarity": 0.9991,
        "ssim": 0.8859
      },
      {
        "synthetic_image": "4e5241922daf46e193126d3e02260c92-minority_class_2.png",
        "cosine_similarity": 0.9987,
        "ssim": 0.835
      },
      {
        "synthetic_image": "f1a4e8b1a9d84c248e7db74883252643-minority_class_2.png",
        "cosine_similarity": 0.9994,
        "ssim": 0.9226
      },
      {
        "synthetic_image": "8531282f714a4fc8b960b25cf2dfdf88-minority_class_2.png",
        "cosine_similarity": 0.9998,
        "ssim": 0.9707
      },
      {
        "synthetic_image": "3e59b9103d1a43d5941cf53a20b686e3-minority_class_2.png",
        "cosine_similarity": 0.9989,
        "ssim": 0.8627
      },
      {
        "synthetic_image": "89c2c3bc685a40b4989bd06c3795e8a2-minority_class_2.png",
        "cosine_similarity": 0.9993,
        "ssim": 0.9162
      },
      {
        "synthetic_image": "dd33e37aa638450788dd9be3726933bf-minority_class_2.png",
        "cosine_similarity": 0.9982,
        "ssim": 0.7682
      },
      {
        "synthetic_image": "e0f7c38c4cd4465c8dfa1acf9b6f9afb-minority_class_2.png",
        "cosine_similarity": 0.9999,
        "ssim": 0.9806
      },
      {
        "synthetic_image": "715e8d85f170495db7d8b0476259f62e-minority_class_2.png",
        "cosine_similarity": 0.9997,
        "ssim": 0.9609
      },
      {
        "synthetic_image": "b4e2db006a4947eaa6e1f72b010e104e-minority_class_2.png",
        "cosine_similarity": 1.0,
        "ssim": 0.9946
      },
      {
        "synthetic_image": "12a80450a3ff458aa86bc9aeba5804dd-minority_class_2.png",
        "cosine_similarity": 1.0,
        "ssim": 0.9994
      },
      {
        "synthetic_image": "4f5b165a8162477f96a2b1a0e0331d5e-minority_class_2.png",
        "cosine_similarity": 0.9996,
        "ssim": 0.9466
      },
      {
        "synthetic_image": "ddabfe8a33804cdab457767c75e0f7c1-minority_class_2.png",
        "cosine_similarity": 0.9997,
        "ssim": 0.9611
      },
      {
        "synthetic_image": "832c6899b23c47188df0ce2ed23a189e-minority_class_2.png",
        "cosine_similarity": 1.0,
        "ssim": 0.9994
      },
      {
        "synthetic_image": "1a68fa8d903d4578bbf676613760ce43-minority_class_2.png",
        "cosine_similarity": 0.9997,
        "ssim": 0.9659
      },
      {
        "synthetic_image": "eba43af390ff481f8923ed93ae925ad6-minority_class_2.png",
        "cosine_similarity": 0.9993,
        "ssim": 0.9087
      },
      {
        "synthetic_image": "1bf9e5082fe74967886d4c5058b87582-minority_class_2.png",
        "cosine_similarity": 0.9994,
        "ssim": 0.9224
      },
      {
        "synthetic_image": "293566d9c1e44bc09b136bd4dcf1bd9a-minority_class_2.png",
        "cosine_similarity": 0.9996,
        "ssim": 0.9457
      },
      {
        "synthetic_image": "c41cff71d7124da2ade706e572a37621-minority_class_2.png",
        "cosine_similarity": 1.0,
        "ssim": 0.9948
      },
      {
        "synthetic_image": "cf8d8cad2ea940da84e3ba254e5ebfe1-minority_class_2.png",
        "cosine_similarity": 0.9989,
        "ssim": 0.8601
      }
    ],
    "average_quality": {
      "cosine_similarity": 0.9994,
      "ssim": 0.9268
    }
  }
}